映画名,レビュー数
Joker 2019,10046
Avengers: Endgame 2019,8723
The Shawshank Redemption 1994,7799
Star Wars: Episode IX - The Rise of Skywalker 2019,7460
Captain Marvel 2019,7183
The Dark Knight 2008,6709
Star Wars: Episode VIII - The Last Jedi 2017,6691
The Lord of the Rings: The Fellowship of the Ring 2001,5317
Once Upon a Time... in Hollywood 2019,5059
Star Wars: Episode VII - The Force Awakens 2015,4764
Avengers: Infinity War 2018,4213
The Matrix 1999,4172
Interstellar 2014,3880
Aquaman 2018,3845
Star Wars: Episode I - The Phantom Menace 1999,3797
The Godfather 1972,3733
Inception 2010,3710
Batman v Superman: Dawn of Justice 2016,3696
The Lord of the Rings: The Return of the King 2003,3642
Fight Club 1999,3641
Star Wars: Episode II - Attack of the Clones 2002,3639
Star Wars: Episode III - Revenge of the Sith 2005,3551
The Blair Witch Project 1999,3472
Avatar 2009,3385
Bohemian Rhapsody 2018,3332
Black Panther 2018,3190
Hereditary 2018,3086
Us 2019,3049
The Dark Knight Rises 2012,2953
Pulp Fiction 1994,2917
The Lion King 2019,2870
Batman Begins 2005,2855
American Beauty 1999,2854
A Quiet Place 2018,2843
War of the Worlds 2005,2837
Titanic 1997,2831
The Matrix Reloaded 2003,2777
Bird Box 2018,2766
Man of Steel 2013,2747
The Irishman 2019,2675
A Star Is Born 2018,2643
1917 2019,2613
Midsommar 2019,2580
Gladiator 2000,2575
Prometheus 2012,2542
Saving Private Ryan 1998,2531
The Lord of the Rings: The Two Towers 2002,2528
Signs 2002,2407
Casino Royale 2006,2401
Parasite 2019,2392
Moulin Rouge! 2001,2347
Brokeback Mountain 2005,2337
Cloverfield 2008,2336
Dunkirk 2017,2331
Blade Runner 2049 2017,2308
The Departed 2006,2289
Aladdin 2019,2281
Forrest Gump 1994,2274
Donnie Darko 2001,2263
Suicide Squad 2016,2253
Kill Bill: Vol. 1 2003,2251
Memento 2000,2222
V for Vendetta 2005,2190
The Sixth Sense 1999,2188
It Chapter Two 2019,2182
Wonder Woman 2017,2177
300 2006,2175
Pirates of the Caribbean: The Curse of the Black Pearl 2003,2174
Knives Out 2019,2172
The Matrix Revolutions 2003,2119
Spider-Man 2002,2117
Requiem for a Dream 2000,2108
2001: A Space Odyssey 1968,2103
Gravity 2013,2090
Mother! 2017,2074
Spider-Man 3 2007,2060
The Village 2004,2060
Alien: Covenant 2017,2056
The Hunger Games 2012,2037
The Da Vinci Code 2006,2019
Pearl Harbor 2001,2010
Justice League 2017,1996
Ready Player One 2018,1988
Lost in Translation 2003,1973
Mad Max: Fury Road 2015,1968
Harry Potter and the Goblet of Fire 2005,1960
X-Men: The Last Stand 2006,1955
The Avengers 2012,1915
It 2017,1914
Annihilation 2018,1908
Mulholland Drive 2001,1906
Pirates of the Caribbean: Dead Man's Chest 2006,1888
Transformers 2007,1869
Arrival 2016,1834
Inglourious Basterds 2009,1819
Silent Hill 2006,1796
The Greatest Showman 2017,1795
Troy 2004,1789
Spider-Man: Into the Spider-Verse 2018,1788
No Country for Old Men 2007,1785
Star Wars: Episode IV - A New Hope 1977,1783
Eternal Sunshine of the Spotless Mind 2004,1782
Sin City 2005,1776
Schindler's List 1993,1762
The Shining 1980,1754
Rogue One: A Star Wars Story 2016,1746
La La Land 2016,1735
Harry Potter and the Sorcerer's Stone 2001,1733
Terminator 3: Rise of the Machines 2003,1710
Crash 2004,1692
The Green Mile 1999,1671
The Ring 2002,1660
Twilight 2008,1654
"Crouching Tiger, Hidden Dragon 2000",1649
Star Trek 2009,1641
Godzilla 2014,1634
Eyes Wide Shut 1999,1605
Saw 2004,1601
The Shape of Water 2017,1588
Skyfall 2012,1586
Harry Potter and the Prisoner of Azkaban 2004,1583
Thor: Ragnarok 2017,1576
The Revenant 2015,1572
Hostel 2005,1566
American History X 1998,1556
Fifty Shades of Grey 2015,1543
I Am Legend 2007,1542
Get Out 2017,1539
Logan 2017,1533
Jurassic World 2015,1531
A Clockwork Orange 1971,1529
Drive 2011,1521
Blade Runner 1982,1518
12 Angry Men 1957,1511
"The Chronicles of Narnia: The Lion, the Witch and the Wardrobe 2005",1505
28 Days Later... 2002,1503
Django Unchained 2012,1497
Transformers: Revenge of the Fallen 2009,1494
Unbreakable 2000,1483
The Thin Red Line 1998,1483
Amélie 2001,1477
Mission: Impossible II 2000,1472
Spider-Man 2 2004,1449
Deadpool 2016,1439
Charlie and the Chocolate Factory 2005,1436
The Hateful Eight 2015,1430
Alexander 2004,1429
The Hobbit: An Unexpected Journey 2012,1429
X-Men 2000,1425
Gone Girl 2014,1423
Halloween 1978,1414
Green Book 2018,1409
Citizen Kane 1941,1399
Se7en 1995,1398
Watchmen 2009,1398
Alien 1979,1395
Captain America: Civil War 2016,1395
The Wolf of Wall Street 2013,1391
Guardians of the Galaxy 2014,1390
The Happening 2008,1379
Minority Report 2002,1378
Birdman or (The Unexpected Virtue of Ignorance) 2014,1378
Van Helsing 2004,1372
District 9 2009,1368
The Prestige 2006,1357
Spider-Man: Homecoming 2017,1356
Alien vs. Predator 2004,1344
The Amazing Spider-Man 2012,1341
The Usual Suspects 1995,1316
Quantum of Solace 2008,1316
There Will Be Blood 2007,1316
Iron Man 3 2013,1314
Deadpool 2 2018,1310
Iron Man 2008,1305
First Man 2018,1304
Avengers: Age of Ultron 2015,1303
The Martian 2015,1295
Vanilla Sky 2001,1291
Pirates of the Caribbean: At World's End 2007,1290
Casablanca 1942,1274
Black Swan 2010,1269
A Beautiful Mind 2001,1268
Life Is Beautiful 1997,1267
Paranormal Activity 2007,1262
Pan's Labyrinth 2006,1259
Jojo Rabbit 2019,1258
The Notebook 2004,1256
Toy Story 4 2019,1253
Children of Men 2006,1250
American Psycho 2000,1247
Borat: Cultural Learnings of America for Make Benefit Glorious Nation of Kazakhstan 2006,1246
Star Trek Into Darkness 2013,1243
WALL·E 2008,1243
Aliens 1986,1241
Pacific Rim 2013,1240
Terminator 2: Judgment Day 1991,1239
Braveheart 1995,1239
Goodfellas 1990,1239
Psycho 1960,1230
The Silence of the Lambs 1991,1230
Shutter Island 2010,1229
Spirited Away 2001,1225
The Descent 2005,1223
The Day After Tomorrow 2004,1222
Armageddon 1998,1214
Million Dollar Baby 2004,1211
Gangs of New York 2002,1209
Ford v Ferrari 2019,1206
The Exorcist 1973,1202
The Big Lebowski 1998,1201
The Favourite 2018,1195
Jaws 1975,1194
The Cabin in the Woods 2011,1190
Harry Potter and the Order of the Phoenix 2007,1188
The Mist 2007,1184
Star Wars: Episode V - The Empire Strikes Back 1980,1184
The Amazing Spider-Man 2 2014,1181
The Butterfly Effect 2004,1180
Marriage Story 2019,1178
2012 2009,1174
Passengers 2016,1170
The Patriot 2000,1169
Resident Evil 2002,1168
Whiplash 2014,1166
Cast Away 2000,1163
Pride & Prejudice 2005,1158
John Wick 2014,1157
Léon: The Professional 1994,1156
Apocalypse Now 1979,1155
"Three Billboards Outside Ebbing, Missouri 2017",1152
Spectre 2015,1152
Black Hawk Down 2001,1151
Lucy 2014,1137
Love Actually 2003,1135
The Others 2001,1134
World War Z 2013,1125
Taxi Driver 1976,1122
Beauty and the Beast 2017,1121
Back to the Future 1985,1121
The Deer Hunter 1978,1119
Slumdog Millionaire 2008,1119
Reservoir Dogs 1992,1113
The Truman Show 1998,1110
Frozen 2013,1109
X2: X-Men United 2003,1104
Dawn of the Dead 2004,1100
Baby Driver 2017,1096
Jurassic Park 1993,1087
Terminator Salvation 2009,1083
Constantine 2005,1074
Incredibles 2 2018,1067
The Thing 1982,1066
Coco 2017,1063
Taken 2008,1056
Shrek 2001,1054
The Fast and the Furious 2001,1052
Heat 1995,1046
Guardians of the Galaxy Vol. 2 2017,1044
The Mummy 1999,1043
Life 2017,1042
The Conjuring 2013,1041
Her 2013,1041
American Sniper 2014,1036
Mystic River 2003,1035
The Last Samurai 2003,1025
Fantastic Four 2005,1024
Kill Bill: Vol. 2 2004,1022
Sucker Punch 2011,1021
Inside Out 2015,1012
Sleepy Hollow 1999,1008
A Walk to Remember 2002,1007
Oblivion 2013,1006
Scarface 1983,1005
It Follows 2014,997
Gran Torino 2008,990
City of God 2002,989
Split 2016,986
The Hobbit: The Desolation of Smaug 2013,985
The Fountain 2006,985
Cloud Atlas 2012,984
The Witch 2015,983
Warcraft 2016,983
Oldboy 2003,977
The Lion King 1994,977
Garden State 2004,973
The Godfather: Part II 1974,969
Les Misérables 2012,968
Shaun of the Dead 2004,964
The Hurt Locker 2008,961
Scream 1996,956
The Twilight Saga: New Moon 2009,955
Closer 2004,952
Finding Nemo 2003,951
Call Me by Your Name 2017,951
Edge of Tomorrow 2014,948
Little Miss Sunshine 2006,947
The Island 2005,947
Kong: Skull Island 2017,945
Doctor Strange 2016,944
Event Horizon 1997,943
One Flew Over the Cuckoo's Nest 1975,943
Harry Potter and the Deathly Hallows: Part 2 2011,940
"South Park: Bigger, Longer & Uncut 1999",939
Transformers: Dark of the Moon 2011,939
Captain America: The Winter Soldier 2014,937
The Incredibles 2004,936
Uri: The Surgical Strike 2019,936
Kingsman: The Secret Service 2014,935
Yesterday 2019,934
The Curious Case of Benjamin Button 2008,932
Fargo 1996,931
Harry Potter and the Chamber of Secrets 2002,930
Independence Day 1996,929
Dr. Strangelove or: How I Learned to Stop Worrying and Love the Bomb 1964,928
Ocean's Eleven 2001,926
Juno 2007,924
Into the Wild 2007,924
Super 8 2011,924
It's a Wonderful Life 1946,924
The Mummy Returns 2001,920
Elysium 2013,915
Thor 2011,915
The Bourne Identity 2002,910
Mission: Impossible III 2006,909
Fury 2014,905
Rocketman 2019,904
The Great Gatsby 2013,901
Life of Pi 2012,899
Evil Dead 2013,899
"O Brother, Where Art Thou? 2000",899
Raiders of the Lost Ark 1981,897
Walk the Line 2005,896
Alien 3 1992,895
The Pianist 2002,893
The Hills Have Eyes 2006,889
Collateral 2004,889
Die Hard 1988,889
Knowing 2009,885
Insidious 2010,885
Ex Machina 2014,884
Saw II 2005,884
The Hobbit: The Battle of the Five Armies 2014,883
Captain America: The First Avenger 2011,882
Iron Man 2 2010,881
Prisoners 2013,880
Murder on the Orient Express 2017,877
The Bourne Ultimatum 2007,871
Hacksaw Ridge 2016,871
Up 2009,870
The Social Network 2010,869
Big Fish 2003,867
Being John Malkovich 1999,864
Toy Story 3 2010,864
Eurovision Song Contest: The Story of Fire Saga 2020,863
The Breakfast Club 1985,863
United 93 2006,862
Good Will Hunting 1997,862
Hero 2002,861
John Wick: Chapter 2 2017,859
The Terminator 1984,856
Munich 2005,856
Midway 2019,854
12 Years a Slave 2013,849
The Simpsons Movie 2007,849
The Fifth Element 1997,848
The Grand Budapest Hotel 2014,847
The Bourne Supremacy 2004,847
The Babadook 2014,846
Kick-Ass 2010,843
Gone with the Wind 1939,842
BlacKkKlansman 2018,841
The Aviator 2004,837
"I, Robot 2004",837
Silver Linings Playbook 2012,835
Sweeney Todd: The Demon Barber of Fleet Street 2007,832
The Princess Bride 1987,832
Underworld 2003,831
Full Metal Jacket 1987,831
Vertigo 1958,830
X-Men: Apocalypse 2016,830
Mr. & Mrs. Smith 2005,829
Snatch 2000,825
The Evil Dead 1981,825
Live Free or Die Hard 2007,824
Fantastic Beasts and Where to Find Them 2016,819
X-Men: Days of Future Past 2014,818
Rear Window 1954,818
American Hustle 2013,817
Pitch Black 2000,816
Cube 1997,813
Hot Fuzz 2007,810
The Imitation Game 2014,809
Catch Me If You Can 2002,802
Star Wars: Episode VI - Return of the Jedi 1983,802
Meet Joe Black 1998,798
American Pie 1999,797
Divergent 2014,797
The Incredible Hulk 2008,796
Lincoln 2012,794
Alice in Wonderland 2010,790
Argo 2012,789
28 Weeks Later 2007,789
Match Point 2005,784
Drag Me to Hell 2009,782
Wanted 2008,779
Shakespeare in Love 1998,774
A Nightmare on Elm Street 1984,774
Click 2006,773
Identity 2003,771
We Were Soldiers 2002,768
The Expendables 2010,768
Zodiac 2007,767
X-Men: First Class 2011,766
Predator 1987,764
Man on Fire 2004,762
Looper 2012,761
This Is the End 2013,760
Now You See Me 2013,760
Groundhog Day 1993,758
Nightcrawler 2014,757
Creed II 2018,754
Monty Python and the Holy Grail 1975,754
10 Cloverfield Lane 2016,752
Mamma Mia! 2008,752
Hugo 2011,749
The Pursuit of Happyness 2006,749
The King's Speech 2010,745
The Graduate 1967,742
National Treasure 2004,741
Bram Stoker's Dracula 1992,739
Furious 7 2015,739
The Purge 2013,736
Ratatouille 2007,731
Blood Diamond 2006,725
Ghost Rider 2007,724
The Girl with the Dragon Tattoo 2011,723
The New World 2005,721
The Hunger Games: Catching Fire 2013,720
Sicario 2015,719
Ant-Man 2015,718
Inside Man 2006,718
The Hangover 2009,717
Alien: Resurrection 1997,714
Zombieland 2009,713
X-Men Origins: Wolverine 2009,712
Final Destination 2000,712
Training Day 2001,710
Zero Dark Thirty 2012,709
Rise of the Planet of the Apes 2011,706
The Devil Wears Prada 2006,705
Zootopia 2016,701
The Terminal 2004,701
Enemy at the Gates 2001,700
Cold Mountain 2003,695
Jarhead 2005,695
Resident Evil: Apocalypse 2004,695
Thor: The Dark World 2013,695
Contact 1997,695
L.A. Confidential 1997,693
Sherlock Holmes 2009,693
The Illusionist 2006,687
Grave of the Fireflies 1988,686
The King 2019,684
Princess Mononoke 1997,683
Insomnia 2002,682
The Fault in Our Stars 2014,679
Clash of the Titans 2010,679
Harry Potter and the Deathly Hallows: Part 1 2010,678
Rocky 1976,678
Dark City 1998,674
Notting Hill 1999,670
Batman Returns 1992,669
The Wizard of Oz 1939,669
Ocean's Twelve 2004,668
Warrior 2011,668
Sinister 2012,667
Marie Antoinette 2006,666
Wedding Crashers 2005,666
Hotel Rwanda 2004,664
Lawrence of Arabia 1962,664
Scott Pilgrim vs. the World 2010,663
Cars 2006,663
The Artist 2011,661
"Monsters, Inc. 2001",660
Singin' in the Rain 1952,660
Ted 2012,658
Finding Neverland 2004,657
Once Upon a Time in America 1984,655
Superbad 2007,654
Edward Scissorhands 1990,654
From Dusk Till Dawn 1996,653
Hancock 2008,653
Pirates of the Caribbean: Dead Men Tell No Tales 2017,652
Army of Darkness 1992,651
Atonement 2007,650
Hellboy 2004,649
Room 2015,649
The Secret Life of Walter Mitty 2013,649
The Lobster 2015,646
Saw III 2006,646
The Godfather: Part III 1990,646
The Lost World: Jurassic Park 1997,643
Men in Black II 2002,642
There's Something About Mary 1998,642
Public Enemies 2009,639
Don't Breathe 2016,639
Bruce Almighty 2003,638
Source Code 2011,635
1408 2007,635
12 Monkeys 1995,633
About Time 2013,630
Darkest Hour 2017,629
Tropic Thunder 2008,629
The Game 1997,629
Train to Busan 2016,628
In Bruges 2008,627
Downfall 2004,627
Ender's Game 2013,626
3:10 to Yuma 2007,624
Dead Poets Society 1989,624
Captain Phillips 2013,623
Burn After Reading 2008,622
Amadeus 1984,622
Blade 1998,620
U-571 2000,618
Anchorman: The Legend of Ron Burgundy 2004,617
Trainspotting 1996,617
High Fidelity 2000,617
The Equalizer 2014,613
How to Train Your Dragon 2010,613
The Maze Runner 2014,612
Moon 2009,612
The Hunger Games: Mockingjay - Part 1 2014,611
10 Things I Hate About You 1999,611
8 Mile 2002,610
Wind River 2017,609
The Perks of Being a Wallflower 2012,606
Face_Off 1997,606
The Wolverine 2013,606
Casino 1995,605
Tinker Tailor Soldier Spy 2011,604
Pi 1998,603
Midnight in Paris 2011,602
500 Days of Summer 2009,601
3 Idiots 2009,600
The Intouchables 2011,598
Stranger Than Fiction 2006,595
Cinderella Man 2005,593
Spotlight 2015,591
North by Northwest 1959,591
Your Name. 2016,590
Da 5 Bloods 2020,589
Toy Story 2 1999,588
The 40-Year-Old Virgin 2005,587
The Wrestler 2008,586
Happy Feet 2006,585
E.T. the Extra-Terrestrial 1982,584
Bridget Jones's Diary 2001,584
Platoon 1986,584
Evil Dead II 1987,584
Knocked Up 2007,583
Toy Story 1995,582
Salt 2010,580
World Trade Center 2006,580
30 Days of Night 2007,579
The Beach 2000,577
Mission: Impossible - Ghost Protocol 2011,576
The 13th Warrior 1999,575
"Lock, Stock and Two Smoking Barrels 1998",575
Blade II 2002,573
Romeo + Juliet 1996,573
Flight 2012,573
The Woman in Black 2012,568
Monster 2003,567
The Iron Giant 1999,567
Bridesmaids 2011,563
Gone Baby Gone 2007,562
Raging Bull 1980,562
Man on the Moon 1999,560
The Holiday 2006,560
To Kill a Mockingbird 1962,560
The Bourne Legacy 2012,559
Stardust 2007,555
Rush 2013,554
The Lego Movie 2014,554
Scary Movie 2 2001,552
From Hell 2001,552
Across the Universe 2007,549
Indiana Jones and the Last Crusade 1989,549
Lucky Number Slevin 2006,548
The Conjuring 2 2016,548
Law Abiding Citizen 2009,548
Big Hero 6 2014,547
Rosemary's Baby 1968,547
Ghostbusters 1984,545
Sausage Party 2016,543
"Good Night, and Good Luck. 2005",542
Carrie 1976,541
Shrek 2 2004,540
The Girl Next Door 2004,539
Mission: Impossible - Rogue Nation 2015,537
The Machinist 2004,537
The Insider 1999,537
The Birds 1963,537
As Good as It Gets 1997,536
Lion 2016,536
Before Sunset 2004,536
Pirates of the Caribbean: On Stranger Tides 2011,535
The Big Short 2015,535
Beowulf 2007,535
Grindhouse 2007,533
In Time 2011,533
True Romance 1993,533
Annie Hall 1977,530
The Twilight Saga: Eclipse 2010,529
Dreamgirls 2006,528
Dark Shadows 2012,528
Jackie Brown 1997,528
Disturbia 2007,527
Jack Reacher 2012,527
Up in the Air 2009,522
Corpse Bride 2005,521
Erin Brockovich 2000,520
Moana 2016,520
The Polar Express 2004,520
Chinatown 1974,519
The Italian Job 2003,519
School of Rock 2003,517
Scream 2 1997,516
Brave 2012,515
Creed 2015,514
Akira 1988,510
The Nightmare Before Christmas 1993,509
The Good Shepherd 2006,509
The Expendables 2 2012,508
Meet the Parents 2000,508
The English Patient 1996,506
50 First Dates 2004,505
Taken 2 2012,505
Tombstone 1993,501
Elf 2003,500
The Theory of Everything 2014,500
The Blind Side 2009,500
The Lives of Others 2006,499
The Town 2010,498
The Adventures of Tintin 2011,496
Final Destination 2 2003,495
American Gangster 2007,495
Angels & Demons 2009,494
Come and See 1985,492
Fast & Furious 6 2013,492
Lone Survivor 2013,491
The Untouchables 1987,491
Ice Age 2002,490
Orphan 2009,489
Tangled 2010,489
Nacho Libre 2006,487
Hidden Figures 2016,487
Revolutionary Road 2008,485
Limitless 2011,485
127 Hours 2010,481
Lord of War 2005,481
JFK 1991,479
Prince of Persia: The Sands of Time 2010,478
The Twilight Saga: Breaking Dawn - Part 1 2011,477
Sully 2016,477
Talladega Nights: The Ballad of Ricky Bobby 2006,476
The Boy in the Striped Pajamas 2008,475
Before Sunrise 1995,475
The Sound of Music 1965,473
The Adjustment Bureau 2011,473
"I, Tonya 2017",472
The Transporter 2002,471
The Devil's Advocate 1997,468
Fantastic 4: Rise of the Silver Surfer 2007,468
Valkyrie 2008,468
Seabiscuit 2003,467
Dumb and Dumber 1994,467
The Assassination of Jesse James by the Coward Robert Ford 2007,466
Bridge of Spies 2015,465
The Rock 1996,464
Any Given Sunday 1999,461
Billy Elliot 2000,460
Dirty Dancing 1987,460
Windtalkers 2002,459
Deja Vu 2006,458
Ed Wood 1994,457
The Queen 2006,456
Me Before You 2016,456
Ray 2004,455
Total Recall 1990,453
Blow 2001,452
Interview with the Vampire: The Vampire Chronicles 1994,451
The Nice Guys 2016,450
Non-Stop 2014,449
Capote 2005,448
Sherlock Holmes: A Game of Shadows 2011,446
Remember the Titans 2000,446
"Hail, Caesar! 2016",445
Barry Lyndon 1975,444
The Monuments Men 2014,443
Mission: Impossible 1996,443
Wreck-It Ralph 2012,442
The Fighter 2010,442
My Neighbor Totoro 1988,440
Horrible Bosses 2011,439
Meet the Fockers 2004,439
Glory 1989,438
Moonrise Kingdom 2012,438
Speed 1994,437
Ben-Hur 1959,436
Changeling 2008,431
Silence 2016,431
The Reader 2008,431
Resident Evil: Afterlife 2010,430
50_50 2011,428
Finding Dory 2016,427
Elizabeth 1998,426
"Salò, or the 120 Days of Sodom 1975",426
Kung Fu Panda 2008,425
Unbroken 2014,425
Pineapple Express 2008,425
Fast Five 2011,424
Howl's Moving Castle 2004,423
The Impossible 2012,423
Beauty and the Beast 1991,421
Madagascar 2005,420
The Hangover Part II 2011,420
Butch Cassidy and the Sundance Kid 1969,419
Enchanted 2007,419
Home Alone 1990,417
Paths of Glory 1957,417
Grease 1978,415
The Number 23 2007,413
"Girl, Interrupted 1999",413
Hitch 2005,410
Steve Jobs 2015,409
Some Like It Hot 1959,407
Dodgeball 2004,406
The Elephant Man 1980,405
21 Jump Street 2012,401
Moneyball 2011,400
Green Street Hooligans 2005,400
Rango 2011,400
Legends of the Fall 1994,399
How to Train Your Dragon 2 2014,398
Back to the Future Part II 1989,398
Vicky Cristina Barcelona 2008,397
Dallas Buyers Club 2013,396
Con Air 1997,396
August Rush 2007,396
The Disaster Artist 2017,395
Abraham Lincoln: Vampire Hunter 2012,394
Lilo & Stitch 2002,393
Hotel Mumbai 2018,393
Men in Black 3 2012,388
Ali 2001,388
Monty Python's Life of Brian 1979,388
Unknown 2011,385
Straight Outta Compton 2015,385
Chicken Run 2000,384
Resident Evil: Extinction 2007,383
Mr. Nobody 2009,383
Coyote Ugly 2000,383
How to Lose a Guy in 10 Days 2003,381
We're the Millers 2013,381
Apollo 13 1995,381
Warm Bodies 2013,378
Die Hard with a Vengeance 1995,377
Bring It On 2000,377
Rocky IV 1985,376
Inside Llewyn Davis 2013,376
Hellboy II: The Golden Army 2008,375
The Twilight Saga: Breaking Dawn - Part 2 2012,374
Shooter 2007,374
Dangal 2016,372
The Last King of Scotland 2006,371
12 Strong 2018,371
Coraline 2009,370
"Crazy, Stupid, Love 2011",370
Beetlejuice 1988,368
Forgetting Sarah Marshall 2008,367
Mama 2013,365
This Is Spinal Tap 1984,364
The Birth of a Nation 1915,363
Jerry Maguire 1996,363
A Bug's Life 1998,362
RED 2010,362
Once 2007,361
Shrek the Third 2007,360
Rang De Basanti 2006,358
13 Hours 2016,358
Die Hard 2 1990,357
The Wedding Singer 1998,357
Molly's Game 2017,355
22 Jump Street 2014,355
Saving Mr. Banks 2013,354
Despicable Me 2010,352
Minions 2015,352
Climax 2018,351
The Great Escape 1963,348
Hansel & Gretel: Witch Hunters 2013,345
Southpaw 2015,344
Men in Black 1997,340
The Orphanage 2007,339
Driven 2001,339
Easy A 2010,339
Don Jon 2013,338
Cars 2 2011,336
The Longest Yard 2005,335
Black Mass 2015,335
The Grapes of Wrath 1940,335
Empire of the Sun 1987,335
Foxcatcher 2014,335
Everest 2015,335
Thirteen Days 2000,335
Pretty Woman 1990,333
The Secret Life of Pets 2016,333
The Fly 1986,332
American Made 2017,332
What We Do in the Shadows 2014,332
Monsters University 2013,331
Back to the Future Part III 1990,330
The Waterboy 1998,330
The Proposal 2009,330
Joy 2015,328
The Death of Stalin 2017,327
Bad Teacher 2011,325
When Harry Met Sally... 1989,325
The Emperor's New Groove 2000,324
Save the Last Dance 2001,323
Velvet Goldmine 1998,323
Despicable Me 2 2013,321
Friday Night Lights 2004,321
Green Room 2015,321
Jackie 2016,320
National Treasure: Book of Secrets 2007,319
Dog Day Afternoon 1975,319
The Hangover Part III 2013,318
Spartacus 1960,317
The Bridge on the River Kwai 1957,317
Aladdin 1992,317
Ocean's Thirteen 2007,316
The Girl with the Dragon Tattoo 2009,316
Shark Tale 2004,316
Miracle 2004,315
Happy Gilmore 1996,315
Fantastic Mr. Fox 2009,315
Gremlins 1984,314
Pitch Perfect 2012,314
Insidious: Chapter 2 2013,313
Mulan 1998,311
21 2008,311
Milk 2008,310
The Alamo 2004,305
Rocky V 1990,304
Antz 1998,303
Yes Man 2008,302
Ghost 1990,300
Music and Lyrics 2007,300
Underworld Awakening 2012,297
The Men Who Stare at Goats 2009,295
Doctor Zhivago 1965,294
Gandhi 1982,293
Tarzan 1999,293
Over the Hedge 2006,292
She's the Man 2006,292
The Danish Girl 2015,289
K-19: The Widowmaker 2002,289
The Secret in Their Eyes 2009,288
Empire Records 1995,288
Gettysburg 1993,287
The Book Thief 2013,286
The Love Guru 2008,286
Tucker and Dale vs Evil 2010,286
Who Framed Roger Rabbit 1988,285
Step Up 2006,285
The Battle of Algiers 1966,283
Liar Liar 1997,283
Donnie Brasco 1997,283
The Best Years of Our Lives 1946,282
Patton 1970,282
Deepwater Horizon 2016,280
The Little Mermaid 1989,278
Caddyshack 1980,278
Invictus 2009,277
P.S. I Love You 2007,276
Rules of Engagement 2000,276
The Legend of Bagger Vance 2000,275
Duck Soup 1933,275
The Hurricane 1999,274
The Mask 1994,273
Ran 1985,273
The Other Boleyn Girl 2008,272
The Legend of 1900 1998,272
Just Go with It 2011,271
Blades of Glory 2007,269
Child 44 2015,267
Ice Age: The Meltdown 2006,267
Legend 2015,266
Defiance 2008,265
The Replacements 2000,265
Spice World 1997,264
Selma 2014,264
Where Eagles Dare 1968,264
Begin Again 2013,263
The Piano 1993,263
Frost_Nixon 2008,262
Pocahontas 1995,262
Zulu 1964,261
Point Break 2015,260
The Red Violin 1998,259
The Guernsey Literary and Potato Peel Pie Society 2018,259
The Producers 1967,259
The World's Fastest Indian 2005,258
Home Alone 2: Lost in New York 1992,258
Megamind 2010,255
The Great Dictator 1940,254
Saturday Night Fever 1977,253
Burlesque 2010,252
The Lost City of Z 2016,251
A Night at the Roxbury 1998,251
1941 1979,250
MASH 1970,249
Black Book 2006,248
Crazy Heart 2009,248
Snow White and the Seven Dwarfs 1937,247
La Vie En Rose 2007,247
A Bridge Too Far 1977,246
Kung Fu Panda 2 2011,243
The Doors 1991,242
A Hard Day's Night 1964,242
Pirate Radio 2009,241
42 2013,240
Snowden 2016,240
Rocky III 1982,240
Tae Guk Gi: The Brotherhood of War 2004,240
All the President's Men 1976,240
Amistad 1997,239
For Love of the Game 1999,239
Incendies 2010,238
Friends with Benefits 2011,238
I'm Not There 2007,237
Elizabeth: The Golden Age 2007,237
Hedwig and the Angry Inch 2001,236
All Quiet on the Western Front 1930,236
Chariots of Fire 1981,235
The Wind that Shakes the Barley 2006,235
"I Love You, Man 2009",234
Centurion 2010,234
The Croods 2013,234
Coach Carter 2005,234
The Longest Day 1962,231
Castle in the Sky 1986,230
Dear John 2010,228
Bill & Ted's Excellent Adventure 1989,227
Happy New Year 2014,227
The Benchwarmers 2006,226
Walk Hard: The Dewey Cox Story 2007,226
That Thing You Do! 1996,225
Nausicaä of the Valley of the Wind 1984,225
Hotel Transylvania 2012,225
Black Snake Moan 2006,224
The Water Diviner 2014,223
Mary and Max 2009,222
Jersey Boys 2014,221
Pitch Perfect 2 2015,221
Shall We Dance 2004,221
Get Him to the Greek 2010,220
Macbeth 2015,219
Captain Corelli's Mandolin 2001,218
Hercules 1997,217
War Dogs 2016,215
Rise of the Guardians 2012,215
No Strings Attached 2011,214
Bolt 2008,214
Rocky II 1979,213
The Mission 1986,213
Rio 2011,212
Hustle & Flow 2005,212
The White Ribbon 2009,211
Monsters vs. Aliens 2009,211
Shrek Forever After 2010,210
Blue Crush 2002,210
The Natural 1984,208
Kelly's Heroes 1970,208
The Last Song 2010,207
Judgment at Nuremberg 1961,207
Tenacious D in the Pick of Destiny 2006,207
Airlift 2016,206
Lords of Dogtown 2005,206
BASEketball 1998,206
Kingpin 1996,206
Mississippi Burning 1988,204
Battleship Potemkin 1925,204
The Killing Fields 1984,203
Ip Man 2008,203
Born on the Fourth of July 1989,203
Detroit 2017,202
The Hustler 1961,202
The Way Back 2010,202
Radio 2003,202
Hart's War 2002,202
The Finest Hours 2016,199
Wayne's World 1992,196
Detroit Rock City 1999,196
Rock Star 2001,196
The Ugly Truth 2009,195
Hot Rod 2007,194
Sing Street 2016,194
Cold War 2018,194
The Great Raid 2005,194
Concussion 2015,193
54 1998,193
Peaceful Warrior 2006,192
Bhaag Milkha Bhaag 2013,191
Trouble with the Curve 2012,191
War Machine 2017,191
Woman in Gold 2015,191
The Dirty Dozen 1967,190
Three Colors: Blue 1993,190
Never Back Down 2008,190
Madagascar 3: Europe's Most Wanted 2012,187
The Passion of Joan of Arc 1928,186
The Man Who Would Be King 1975,186
We Are Marshall 2006,185
Cloudy with a Chance of Meatballs 2009,183
Space Jam 1996,182
Wimbledon 2004,181
Rudy 1993,181
Malcolm X 1992,180
The Last Legion 2007,180
To Rome With Love 2012,180
From Here to Eternity 1953,180
The Caine Mutiny 1954,179
No Man's Land 2001,179
Coffee and Cigarettes 2003,178
Children of Heaven 1997,178
Top Secret! 1984,177
In the Name of the Father 1993,177
The Rookie 2002,176
Quiz Show 1994,176
Pitch Perfect 3 2017,174
Cross of Iron 1977,173
Mr. Holland's Opus 1995,173
Behind The Candelabra 2013,171
Beasts of No Nation 2015,169
The Last Emperor 1987,169
If I Stay 2014,168
The Jungle Book 1967,168
Goon 2011,165
Rockstar 2011,165
Slap Shot 1977,164
Stripes 1981,163
Saints and Soldiers 2003,163
The Ringer 2005,163
The Flowers of War 2011,162
Stalingrad 1993,162
Youth 2015,161
The Big Blue 1988,161
Stalag 17 1953,159
The Bodyguard 1992,158
The Duchess 2008,157
Invincible 2006,157
Love & Mercy 2014,157
Nick and Norah's Infinite Playlist 2008,157
Saboteur 1942,157
Draft Day 2014,157
Sultan 2016,156
The Soloist 2009,156
Over the Top 1987,155
Control 2007,155
Tigerland 2000,155
Conquest 1453 2012,154
Balls of Fury 2007,154
Puss in Boots 2011,154
"Good Morning, Vietnam 1987",153
Glory Road 2006,153
In the Land of Blood and Honey 2011,153
Flashdance 1983,152
Ice Age: Continental Drift 2012,152
Cinderella 1950,152
"Run, Fat Boy, Run 2007",151
Lifeboat 1944,151
M.S. Dhoni: The Untold Story 2016,151
G.I. Jane 1997,150
"The Adventures of Priscilla, Queen of the Desert 1994",149
Departures 2008,149
Two for the Money 2005,148
Ice Age: Dawn of the Dinosaurs 2009,148
Duck You Sucker 1971,147
Rab Ne Bana Di Jodi 2008,147
Hoosiers 1986,147
Son of Saul 2015,147
Seven Years in Tibet 1997,146
Frank 2014,146
Footloose 2011,146
Catch-22 1970,144
Madagascar: Escape 2 Africa 2008,144
Underground 1995,144
Honey 2003,144
Magic Mike XXL 2015,143
Sweet and Lowdown 1999,143
The Mountain II 2016,142
Footloose 1984,141
Popstar: Never Stop Never Stopping 2016,140
The Color of Money 1986,140
Little Boy 2015,139
Mudbound 2017,139
The Runaways 2010,138
One Hundred and One Dalmatians 1961,136
Heartbreak Ridge 1986,136
La Grande Illusion 1937,135
Casualties of War 1989,135
Hardball 2001,134
Here Comes the Boom 2012,134
Bull Durham 1988,134
Kickboxer 1989,132
Grudge Match 2013,132
To Be or Not to Be 1942,131
Bloody Sunday 2002,131
Coriolanus 2011,131
The Cannonball Run 1981,130
Whip It 2009,129
Semi-Pro 2008,129
Last Flag Flying 2017,128
Days of Thunder 1990,127
The Chorus 2004,123
The Double Life of Véronique 1991,122
He Got Game 1998,122
The Ottoman Lieutenant 2017,121
Pawn Sacrifice 2014,121
Win Win 2011,120
The Greatest Game Ever Played 2005,119
Love and Death 1975,118
The Commitments 1991,117
The Football Factory 2004,117
Major League 1989,116
Shine 1996,116
Step Up 2: The Streets 2008,114
The Rocker 2008,112
Chak de! India 2007,111
Million Dollar Arm 2014,109
The Young Victoria 2009,108
Victory 1981,108
Au Revoir les Enfants 1987,104
"McFarland, USA 2015",104
The Fan 1996,103
Stop-Loss 2008,102
Kagemusha 1980,101
